NOC,Total_Atletas,Total_Medallas,Medallas_Oro,Eficiencia_Total,Eficiencia_Oro
URS,2948,1197,471,0.406,0.1598
GDR,1360,519,192,0.3816,0.1412
KOS,8,1,1,0.125,0.125
USA,9653,2823,1131,0.2924,0.1172
ETH,232,53,22,0.2284,0.0948
CHN,2664,595,239,0.2233,0.0897
EUN,604,135,54,0.2235,0.0894
RUS,2428,584,202,0.2405,0.0832
NOR,2216,474,167,0.2139,0.0754
GER,4872,1004,319,0.2061,0.0655
HUN,2761,510,178,0.1847,0.0645
FIN,2347,471,146,0.2007,0.0622
KEN,515,100,31,0.1942,0.0602
CUB,1283,214,77,0.1668,0.06
JAM,370,76,22,0.2054,0.0595
ANZ,53,12,3,0.2264,0.0566
SWE,3787,657,200,0.1735,0.0528
ITA,4935,722,256,0.1463,0.0519
TUR,808,95,40,0.1176,0.0495
ROU,1798,304,88,0.1691,0.0489
KOR,2393,316,116,0.1321,0.0485
GEO,167,32,8,0.1916,0.0479
GBR,6281,919,289,0.1463,0.046
FRA,6170,879,264,0.1425,0.0428
NED,2939,407,125,0.1385,0.0425
AUS,3820,519,153,0.1359,0.0401
BDI,25,2,1,0.08,0.04
PRK,405,56,16,0.1383,0.0395
FRG,1708,243,67,0.1423,0.0392
SUI,2883,346,108,0.12,0.0375
JPN,4067,482,152,0.1185,0.0374
BAH,162,14,6,0.0864,0.037
EST,354,41,13,0.1158,0.0367
AUT,2337,326,85,0.1395,0.0364
AZE,193,44,7,0.228,0.0363
NZL,1326,119,47,0.0897,0.0354
CRO,428,44,15,0.1028,0.035
BUL,1502,223,52,0.1485,0.0346
IRI,526,68,18,0.1293,0.0342
UZB,295,34,10,0.1153,0.0339
UKR,1134,133,37,0.1173,0.0326
SUR,33,2,1,0.0606,0.0303
CZE,734,78,22,0.1063,0.03
KAZ,694,77,20,0.111,0.0288
CAN,4811,475,126,0.0987,0.0262
RSA,963,88,25,0.0914,0.026
INA,275,30,7,0.1091,0.0255
DEN,1923,211,49,0.1097,0.0255
POL,2970,310,75,0.1044,0.0253
BLR,763,99,19,0.1298,0.0249
GRE,1709,151,42,0.0884,0.0246
TCH,2093,171,51,0.0817,0.0244
SVK,457,33,11,0.0722,0.0241
GRN,44,2,1,0.0455,0.0227
TJK,45,4,1,0.0889,0.0222
BEL,2078,171,45,0.0823,0.0217
YUG,1270,87,26,0.0685,0.0205
THA,462,30,9,0.0649,0.0195
MOZ,52,2,1,0.0385,0.0192
LTU,320,25,6,0.0781,0.0188
TTO,167,19,3,0.1138,0.018
ESP,2637,150,45,0.0569,0.0171
SLO,420,38,7,0.0905,0.0167
JOR,61,1,1,0.0164,0.0164
ZIM,196,8,3,0.0408,0.0153
LIE,131,9,2,0.0687,0.0153
BRA,2053,128,30,0.0623,0.0146
DOM,208,7,3,0.0337,0.0144
ARM,146,16,2,0.1096,0.0137
ALG,373,17,5,0.0456,0.0134
IOA,76,5,1,0.0658,0.0132
CMR,227,5,3,0.022,0.0132
HAI,76,3,1,0.0395,0.0132
SRB,229,15,3,0.0655,0.0131
MAR,460,23,6,0.05,0.013
UAE,78,2,1,0.0256,0.0128
NEP,80,1,1,0.0125,0.0125
PAN,86,3,1,0.0349,0.0116
ARG,1848,74,21,0.04,0.0114
UGA,178,7,2,0.0393,0.0112
IND,892,29,10,0.0325,0.0112
IRL,800,33,9,0.0412,0.0112
BRN,90,3,1,0.0333,0.0111
LUX,379,8,4,0.0211,0.0106
SCG,205,9,2,0.0439,0.0098
VIE,104,4,1,0.0385,0.0096
MEX,1549,67,13,0.0433,0.0084
PAK,363,10,3,0.0275,0.0083
CIV,124,3,1,0.0242,0.0081
COL,617,28,5,0.0454,0.0081
FIJ,128,1,1,0.0078,0.0078
SYR,132,3,1,0.0227,0.0076
TUN,416,13,3,0.0312,0.0072
EGY,1000,27,7,0.027,0.007
MGL,292,26,2,0.089,0.0068
LAT,445,26,3,0.0584,0.0067
CRC,156,4,1,0.0256,0.0064
ECU,158,2,1,0.0127,0.0063
SGP,172,5,1,0.0291,0.0058
URU,366,10,2,0.0273,0.0055
POR,730,24,4,0.0329,0.0055
NGR,565,24,3,0.0425,0.0053
TPE,566,24,3,0.0424,0.0053
CHI,525,13,2,0.0248,0.0038
VEN,549,15,2,0.0273,0.0036
HKG,321,3,1,0.0093,0.0031
ISR,353,9,1,0.0255,0.0028
PER,353,4,1,0.0113,0.0028
PUR,562,9,1,0.016,0.0018
ISV,150,1,0,0.0067,0.0
IVB,28,0,0,0.0,0.0
FSM,18,0,0,0.0,0.0
GAB,48,1,0,0.0208,0.0
GEQ,26,0,0,0.0,0.0
GHA,245,4,0,0.0163,0.0
GUA,240,1,0,0.0042,0.0
GUM,66,0,0,0.0,0.0
ESA,126,0,0,0.0,0.0
CYP,120,1,0,0.0083,0.0
CRT,8,0,0,0.0,0.0
IRQ,194,1,0,0.0052,0.0
ISL,297,4,0,0.0135,0.0
HON,132,0,0,0.0,0.0
GUY,75,1,0,0.0133,0.0
GUI,60,0,0,0.0,0.0
GAM,33,0,0,0.0,0.0
GBS,15,0,0,0.0,0.0
DMA,17,0,0,0.0,0.0
DJI,28,1,0,0.0357,0.0
BRU,9,0,0,0.0,0.0
BUR,32,0,0,0.0,0.0
CAF,50,0,0,0.0,0.0
CAM,45,0,0,0.0,0.0
CAY,39,0,0,0.0,0.0
BER,121,1,0,0.0083,0.0
BEN,54,0,0,0.0,0.0
BAN,38,0,0,0.0,0.0
BAR,115,1,0,0.0087,0.0
ASA,29,0,0,0.0,0.0
BIZ,52,0,0,0.0,0.0
BIH,73,0,0,0.0,0.0
BHU,21,0,0,0.0,0.0
BOT,62,1,0,0.0161,0.0
ANG,163,0,0,0.0,0.0
ALB,45,0,0,0.0,0.0
AHO,55,1,0,0.0182,0.0
AFG,103,2,0,0.0194,0.0
AND,61,0,0,0.0,0.0
ANT,70,0,0,0.0,0.0
ARU,32,0,0,0.0,0.0
BOH,66,7,0,0.1061,0.0
BOL,89,0,0,0.0,0.0
COM,15,0,0,0.0,0.0
CPV,13,0,0,0.0,0.0
CGO,74,0,0,0.0,0.0
CHA,27,0,0,0.0,0.0
COD,69,0,0,0.0,0.0
COK,30,0,0,0.0,0.0
ERI,26,1,0,0.0385,0.0
MHL,12,0,0,0.0,0.0
MKD,47,1,0,0.0213,0.0
LBA,68,0,0,0.0,0.0
LCA,21,0,0,0.0,0.0
LBR,42,0,0,0.0,0.0
KIR,9,0,0,0.0,0.0
KGZ,129,3,0,0.0233,0.0
PHI,389,10,0,0.0257,0.0
PLE,20,0,0,0.0,0.0
PLW,21,0,0,0.0,0.0
PNG,61,0,0,0.0,0.0
OMA,42,0,0,0.0,0.0
NRU,10,0,0,0.0,0.0
PAR,104,1,0,0.0096,0.0
MLT,82,0,0,0.0,0.0
MYA,86,0,0,0.0,0.0
MTN,22,0,0,0.0,0.0
MRI,88,1,0,0.0114,0.0
NAM,40,4,0,0.1,0.0
NCA,95,0,0,0.0,0.0
NBO,2,0,0,0.0,0.0
NFL,1,0,0,0.0,0.0
NIG,42,2,0,0.0476,0.0
MLI,75,0,0,0.0,0.0
MNE,55,1,0,0.0182,0.0
MON,82,1,0,0.0122,0.0
LAO,47,0,0,0.0,0.0
KSA,149,3,0,0.0201,0.0
KUW,192,2,0,0.0104,0.0
LES,51,0,0,0.0,0.0
LIB,176,4,0,0.0227,0.0
MAL,40,0,0,0.0,0.0
MAD,76,0,0,0.0,0.0
MAS,301,11,0,0.0365,0.0
MAW,59,0,0,0.0,0.0
MDV,31,0,0,0.0,0.0
MDA,131,7,0,0.0534,0.0
ROT,10,0,0,0.0,0.0
SAA,36,0,0,0.0,0.0
TAN,110,2,0,0.0182,0.0
SWZ,42,0,0,0.0,0.0
SOL,20,0,0,0.0,0.0
SOM,22,0,0,0.0,0.0
SRI,93,2,0,0.0215,0.0
SSD,3,0,0,0.0,0.0
STP,13,0,0,0.0,0.0
SUD,81,1,0,0.0123,0.0
SMR,92,0,0,0.0,0.0
RWA,37,0,0,0.0,0.0
RHO,10,0,0,0.0,0.0
SAM,53,0,0,0.0,0.0
SEY,64,0,0,0.0,0.0
SEN,234,1,0,0.0043,0.0
SKN,19,0,0,0.0,0.0
SLE,62,0,0,0.0,0.0
QAT,141,5,0,0.0355,0.0
UNK,2,0,0,0.0,0.0
TUV,6,0,0,0.0,0.0
UAR,74,2,0,0.027,0.0
TKM,41,0,0,0.0,0.0
TGA,38,1,0,0.0263,0.0
TOG,42,1,0,0.0238,0.0
TLS,8,0,0,0.0,0.0
VIN,28,0,0,0.0,0.0
VAN,25,0,0,0.0,0.0
VNM,39,0,0,0.0,0.0
WIF,13,2,0,0.1538,0.0
YEM,28,0,0,0.0,0.0
YAR,10,0,0,0.0,0.0
YMD,5,0,0,0.0,0.0
ZAM,145,2,0,0.0138,0.0
